{"cameraMode":{"drawMode":0,"name":"Shaded","section":"Shading Mode"},"sceneLighting":true,"audioPlay":false,"sceneViewState":{"showFog":true,"showMaterialUpdate":true,"showSkybox":true,"showFlares":true,"showImageEffects":true,"showParticleSystems":true},"in2DMode":false,"pivot":{"x":36.07231903076172,"y":14.075370788574219,"z":9.0360107421875},"rotation":{"x":-0.0719112753868103,"y":0.9272931814193726,"z":-0.23905949294567109,"w":-0.27893832325935366},"size":4.7979536056518559,"orthographic":false}